{
  "latencia": {
    "v15": [
      0.0,
      0.0,
      0.0,
      0.0010042190551757812,
      0.0
    ],
    "v20_semantico": [
      0.03910088539123535,
      0.03366565704345703,
      0.045098304748535156,
      0.045662879943847656,
      0.03460574150085449
    ],
    "v20_lexico": [
      0.0040149688720703125,
      0.010518789291381836,
      0.007519245147705078,
      0.007005929946899414,
      0.010521411895751953
    ],
    "v20_hibrido": [
      0.03916788101196289,
      0.04511141777038574,
      0.043680429458618164,
      0.04515218734741211,
      0.04363107681274414
    ]
  },
  "calidad": {
    "v15": {
      "aciertos": 2,
      "total": 4
    },
    "v20_semantico": {
      "aciertos": 3,
      "total": 4
    },
    "v20_hibrido": {
      "aciertos": 3,
      "total": 4
    }
  },
  "timestamp": 1770849002.3933866
}